{
  "mean_rank": 575.6435833333334,
  "hits@k": {
    "1": 0.1795,
    "3": 0.39358333333333334,
    "5": 0.47325,
    "10": 0.56125
  }
}