{
  "mean_rank": 1161.6305,
  "hits@k": {
    "1": 0.04691666666666667,
    "3": 0.13425,
    "5": 0.17416666666666666,
    "10": 0.23391666666666666
  }
}