{
  "mean_rank": 1160.97625,
  "hits@k": {
    "1": 0.04766666666666667,
    "3": 0.13358333333333333,
    "5": 0.17375,
    "10": 0.23341666666666666
  }
}