{
  "mean_rank": 100.4494382022472,
  "hits@k": {
    "1": 0.1544943820224719,
    "3": 0.5084269662921348,
    "5": 0.5561797752808989,
    "10": 0.6264044943820225
  }
}