{
  "mean_rank": 193.87640449438203,
  "hits@k": {
    "1": 0.07303370786516854,
    "3": 0.351123595505618,
    "5": 0.3651685393258427,
    "10": 0.41292134831460675
  }
}